{"$schema":"http://schema.management.azure.com/schemas/2015-01-01/deploymentTemplate.json#","contentVersion":"1.0.0.0","parameters":{"factoryName":{"type":"string","metadata":"Data Factory name"},"GenAIOps_AzFunc":{"type":"string"}},"variables":{"factoryId":"[concat('Microsoft.DataFactory/factories/', parameters('factoryName'))]"},"resources":[{"name":"[concat(parameters('factoryName'), '/Generic_Upload')]","type":"Microsoft.DataFactory/factories/pipelines","apiVersion":"2018-06-01","properties":{"activities":[{"name":"Trigger File Ingestion","type":"AzureFunctionActivity","dependsOn":[],"policy":{"timeout":"0.12:00:00","retry":0,"retryIntervalInSeconds":30,"secureOutput":false,"secureInput":false},"userProperties":[],"typeProperties":{"functionName":"orchestrators/main_ingestion_orchestrator","body":{"value":"{  \n    \"prefix_path\": \"@{pipeline().parameters.prefix_path}\",  \n    \"source_container\": \"@{pipeline().parameters.source_container}\",  \n    \"extract_container\": \"@{pipeline().parameters.extract_container}\",  \n    \"index_name\": \"@{pipeline().parameters.index_name}\",  \n    \"automatically_delete\": @{pipeline().parameters.automatically_delete},  \n    \"analyze_images\": @{pipeline().parameters.analyze_images},  \n    \"chunking_strategy\": \"@{pipeline().parameters.chunking_strategy}\",  \n    \"max_chunk_size\": @{pipeline().parameters.max_chunk_size},  \n    \"chunk_overlap\": @{pipeline().parameters.chunk_overlap} ,\n    \"embedding_model\": \"@{pipeline().parameters.embedding_model}\",\n    \"cosmos_logging\": @{pipeline().parameters.cosmos_logging}\n} ","type":"Expression"},"headers":{"Content-Type":"application/json"},"method":"POST"},"linkedServiceName":{"referenceName":"[parameters('GenAIOps_AzFunc')]","type":"LinkedServiceReference"}},{"name":"Set Status URI-File","type":"SetVariable","dependsOn":[{"activity":"Trigger File Ingestion","dependencyConditions":["Succeeded"]}],"policy":{"secureOutput":false,"secureInput":false},"userProperties":[],"typeProperties":{"variableName":"status_uri","value":{"value":"@activity('Trigger File Ingestion').output['statusQueryGetUri']","type":"Expression"}}},{"name":"Until Ingestion Completion-File","type":"Until","dependsOn":[{"activity":"Set Status URI-File","dependencyConditions":["Succeeded"]}],"userProperties":[],"typeProperties":{"expression":{"value":"@or(equals(variables('status'), 'Completed'), equals(variables('status'), 'Failed'))","type":"Expression"},"activities":[{"name":"Get Current Status","type":"WebActivity","dependsOn":[],"policy":{"timeout":"0.12:00:00","retry":0,"retryIntervalInSeconds":30,"secureOutput":false,"secureInput":false},"userProperties":[],"typeProperties":{"method":"GET","headers":{},"url":{"value":"@variables('status_uri')","type":"Expression"}}},{"name":"Update Status","type":"SetVariable","dependsOn":[{"activity":"Get Current Status","dependencyConditions":["Succeeded"]}],"policy":{"secureOutput":false,"secureInput":false},"userProperties":[],"typeProperties":{"variableName":"status","value":{"value":"@activity('Get Current Status').output['runtimeStatus']","type":"Expression"}}},{"name":"Wait 10 Seconds","type":"Wait","dependsOn":[{"activity":"Update Status","dependencyConditions":["Succeeded"]}],"userProperties":[],"typeProperties":{"waitTimeInSeconds":10}}],"timeout":"0.12:00:00"}},{"name":"Set Final Status Message-File","type":"SetVariable","dependsOn":[{"activity":"Until Ingestion Completion-File","dependencyConditions":["Succeeded"]}],"policy":{"secureOutput":false,"secureInput":false},"userProperties":[],"typeProperties":{"variableName":"final_status_message","value":{"value":"@string(activity('Get Current Status').output['output'])","type":"Expression"}}},{"name":"Set Return Values","type":"SetVariable","dependsOn":[{"activity":"Set Final Status Message-File","dependencyConditions":["Succeeded"]}],"policy":{"secureOutput":false,"secureInput":false},"userProperties":[],"typeProperties":{"variableName":"pipelineReturnValue","value":[{"key":"final_status_message","value":{"type":"Expression","content":"@variables('final_status_message')"}},{"key":"status","value":{"type":"Expression","content":"@variables('status')"}}],"setSystemVariable":true}}],"policy":{"elapsedTimeMetric":{}},"parameters":{"source_container":{"type":"string"},"extract_container":{"type":"string"},"prefix_path":{"type":"string"},"index_name":{"type":"string"},"automatically_delete":{"type":"string"},"analyze_images":{"type":"string"},"chunking_strategy":{"type":"string"},"max_chunk_size":{"type":"string"},"chunk_overlap":{"type":"string"},"embedding_model":{"type":"string","defaultValue":"text-embedding-ada-002"},"cosmos_logging":{"type":"string","defaultValue":"false"},"original_file_name":{"type":"string"}},"variables":{"status_uri":{"type":"String"},"status":{"type":"String"},"final_status_message":{"type":"String"}},"annotations":[],"lastPublishTime":"2024-09-17T15:34:04Z"},"dependsOn":[]}]}